Temperature,Price,CompetitorPrice,Discount,AluminumRadiators,CopperRadiators
11,1928,2114,11,600,350
-26,2361,2270,14,561,325
31,2195,2289,18,600,350
20,2196,2213,21,600,350
-20,2625,2794,21,548,319
34,2678,2657,5,380,202
34,2306,2298,16,558,320
-17,2668,2833,20,541,315
-38,2713,2869,5,354,183
-19,2512,2544,3,478,272
12,2304,2479,12,600,350
-39,2245,2408,1,466,258
-11,2521,2591,21,600,350
-3,2319,2219,29,600,350
-39,2081,2044,9,563,322
23,2724,2907,29,554,322
19,1900,1920,9,600,350
-20,2730,2736,4,415,230
-8,2466,2540,3,536,314
35,2270,2373,17,571,329
17,2560,2624,2,466,265
-19,2330,2349,24,600,350
8,2208,2151,1,600,350
18,2036,2091,8,600,350
1,2101,2207,13,600,350
19,2335,2342,23,600,350
39,2212,2362,15,560,320
-26,2016,2045,8,600,350
21,2565,2757,12,508,292
21,2702,2621,22,527,304
6,2474,2655,12,595,350
21,2143,2327,14,600,350
10,2436,2336,15,600,350
14,2501,2519,15,573,337
23,1974,1908,9,600,350
-38,2705,2802,19,440,241
10,2285,2429,26,600,350
-34,2109,2067,20,600,350
-20,2374,2434,29,600,350
32,2317,2395,22,598,348
-2,2246,2351,8,600,350
-23,2428,2339,21,595,349
-37,2539,2714,19,494,277
19,2775,2855,6,417,232
-27,2662,2803,20,503,286
-32,2078,2193,25,600,350
12,2081,2231,29,600,350
-39,2563,2761,19,479,266
19,1924,1949,4,600,350
30,2079,2195,23,600,350
3,2609,2793,7,537,317
-33,2400,2484,28,600,350
6,2755,2693,28,600,350
-6,2060,2182,4,600,350
37,2076,2159,22,600,350
40,2184,2261,12,546,311
-5,1962,2155,13,600,350
9,2561,2611,3,503,292
-37,2565,2590,22,504,284
-39,2055,2255,12,589,340
-35,2781,2914,2,327,166
13,2368,2275,24,600,350
-37,1948,1976,2,569,327
13,2748,2911,27,575,339
22,1983,2039,23,600,350
-23,2260,2164,9,574,335
3,2588,2573,1,507,297
-7,2047,2121,8,600,350
33,2529,2718,23,537,307
21,2241,2333,6,569,332
-27,2375,2393,6,505,288
7,1962,2079,22,600,350
-26,2600,2613,25,556,322
31,2259,2303,18,596,347
37,2460,2385,17,506,285
21,2226,2261,29,600,350
-1,2668,2799,12,557,331
39,2635,2610,6,379,200
12,2040,2228,26,600,350
-17,2114,2014,27,600,350
-15,2334,2380,8,577,340
19,2790,2976,19,491,281
0,2622,2663,28,600,350
-12,2217,2169,10,600,350
-26,1931,1899,1,600,350
4,2569,2558,25,600,350
24,2184,2303,29,600,350
30,2204,2295,13,586,341
-32,2328,2290,17,565,326
-40,2376,2348,3,435,236
-33,2185,2245,8,550,316
22,2043,2111,14,600,350
-30,2323,2311,3,491,277
40,1918,1993,16,600,350
-33,1917,2085,13,600,350
-6,2668,2640,20,585,348
-6,2489,2633,24,600,350
-8,2270,2246,17,600,350
-36,2074,2132,13,600,349
0,2093,2090,29,600,350
-13,2401,2402,6,553,324
-34,2012,2043,17,600,350
32,2013,2014,14,600,350
31,2121,2039,17,600,350
-29,2577,2558,30,580,337
-7,2730,2908,8,491,285
-8,2543,2571,11,561,331
7,2796,2784,20,543,319
-18,2163,2275,28,600,350
21,1954,1996,1,600,350
-4,2770,2734,26,599,350
3,2542,2517,7,557,330
-6,2699,2797,21,582,346
24,2677,2719,21,516,296
6,2357,2349,17,600,350
37,2777,2900,30,488,273
-38,2061,2251,10,579,333
-40,2279,2280,11,512,288
-36,1986,2152,22,600,350
-27,1954,1963,30,600,350
-14,2375,2539,9,575,339
-32,2699,2601,9,406,220
38,2077,2061,24,600,350
-26,2290,2471,5,529,304
1,2248,2264,17,600,350
36,1907,2027,9,600,350
10,2732,2785,17,532,311
22,2212,2264,24,600,350
11,2658,2569,21,574,339
-37,2734,2766,19,435,238
-18,2342,2534,27,600,350
-26,2666,2865,7,428,236
2,2227,2354,23,600,350
-12,1953,2123,9,600,350
-5,2660,2602,7,514,301
-28,2138,2058,13,600,350
-9,2128,2134,11,600,350
30,2478,2494,14,510,290
18,1950,1973,19,600,350
-13,2508,2688,11,551,323
25,2503,2694,13,517,296
1,2163,2265,14,600,350
4,2317,2267,13,600,350
21,2702,2872,1,401,220
16,1995,2171,8,600,350
-35,1987,2027,12,600,350
-13,1977,2151,19,600,350
-13,2187,2376,12,600,350
3,2019,1970,8,600,350
-11,2713,2639,8,480,276
21,2390,2446,29,600,350
34,2351,2489,21,574,331
21,2399,2454,13,564,329
-40,2064,2254,12,582,335
-14,2081,2116,29,600,350
21,2368,2411,16,591,347
36,2634,2639,1,361,189
-38,2722,2779,13,399,213
29,1906,1951,26,600,350
31,2229,2130,7,539,309
-14,2674,2650,28,599,350
-32,2572,2603,26,546,313
21,2050,2039,5,600,350
-4,1984,2146,8,600,350
10,2046,2053,25,600,350
3,2523,2496,27,600,350
-17,2280,2218,14,600,350
38,2447,2505,23,541,308
18,2184,2154,30,600,350
-9,2599,2739,13,552,325
11,1981,2178,15,600,350
21,2413,2348,23,600,350
17,2796,2779,17,485,277
11,2714,2876,15,521,304
-29,2608,2679,20,511,291
-2,2422,2494,18,600,350
-39,2645,2591,18,448,246
-38,2285,2325,2,464,257
15,2606,2623,4,472,269
40,2370,2546,30,599,346
18,2018,2131,1,600,350
-39,2295,2414,4,469,260
-39,2431,2356,18,512,288
13,2160,2068,5,600,350
-40,2704,2874,19,432,235
-22,2155,2064,15,600,350
-39,2633,2653,28,512,288
12,2125,2149,8,600,350
3,1952,2021,20,600,350
-9,2766,2737,17,526,307
29,2399,2450,1,460,257
-9,2405,2512,12,600,350
27,2753,2701,26,512,292
14,2263,2316,19,600,350
34,2179,2371,15,590,342
15,2492,2459,9,536,312
-24,2613,2562,7,452,253
-3,2057,2108,2,600,350
-17,2531,2449,29,600,350
28,1958,1957,9,600,350
29,2626,2585,10,446,247
-30,2027,2093,2,573,332
-25,2635,2736,19,513,294
32,2620,2665,11,442,244
18,2781,2844,13,461,261
29,2014,2155,10,600,350
39,2108,2076,14,585,337
-38,2425,2499,18,518,293
-21,2420,2368,19,594,349
18,2451,2458,22,600,350
-5,2136,2261,9,600,350
-22,2180,2240,25,600,350
26,2258,2276,7,550,318
-22,2100,2148,28,600,350
-21,2657,2706,3,426,237
30,2177,2369,20,600,350
11,2134,2176,6,600,350
-8,2393,2452,27,600,350
-1,1903,1813,21,600,350
-2,2565,2602,2,524,309
-40,2341,2318,29,600,347
-30,1928,1904,6,600,350
16,2008,2161,3,600,350
9,2509,2666,16,597,350
-18,2626,2816,30,600,350
-10,2704,2866,8,486,281
1,1974,1958,2,600,350
-34,2737,2782,17,434,238
-25,2045,1986,9,600,350
19,2027,2051,30,600,350
-39,2752,2818,12,380,200
-40,1941,2081,3,565,323
7,2255,2434,11,600,350
-29,1940,2027,1,598,349
28,1933,1851,23,600,350
-4,1916,1883,13,600,350
-9,2576,2693,15,571,337
-32,2052,2053,26,600,350
-22,2277,2218,5,548,318
7,2487,2674,21,600,350
39,2498,2564,30,564,323
-38,2528,2536,17,481,268
-21,2773,2708,25,524,302
-17,2241,2372,23,600,350
13,1926,2054,24,600,350
-8,2724,2787,25,590,350
-17,2186,2158,6,600,350
34,2545,2580,28,558,321
31,2630,2599,21,503,285
-5,2067,2162,22,600,350
-3,2509,2677,11,591,350
-16,2167,2115,18,600,350
-23,2648,2677,4,427,237
25,2720,2624,3,392,213
13,2354,2280,13,600,350
-6,2584,2643,23,600,350
39,2300,2348,9,498,279
20,2375,2538,21,600,350
0,2601,2730,6,545,323
-8,2533,2632,26,600,350
27,2457,2406,30,600,350
-8,2475,2441,28,600,350
-27,2029,2228,12,600,350
-20,2721,2678,2,405,223
7,2262,2420,3,600,350
-21,2604,2633,3,442,248
-33,2718,2832,28,510,289
-34,2592,2663,12,448,247
26,2191,2348,15,600,350
-24,2270,2271,9,567,330
-8,2693,2801,23,588,349
7,1928,2118,8,600,350
35,2048,2233,11,600,349
18,2678,2693,16,510,294
-19,2195,2358,26,600,350
-11,1910,1959,27,600,350
-3,2411,2610,25,600,350
10,2575,2510,22,600,350
13,2012,2198,4,600,350
-33,2086,2193,28,600,350
-14,2706,2711,1,428,240
-14,2643,2700,24,585,345
-20,2126,2146,7,600,350
-11,2209,2163,2,595,350
-13,1997,1908,24,600,350
23,1954,1998,28,600,350
28,2522,2557,5,451,251
20,2563,2465,7,483,275
7,2657,2700,4,488,283
-22,2305,2234,5,540,313
-37,1968,2104,24,600,350
-6,2211,2389,1,600,350
23,2188,2202,1,547,317
8,2661,2664,15,549,323
-24,2447,2464,20,579,338
3,2650,2554,19,597,350
-11,2047,2194,29,600,350
5,2366,2386,10,600,350
-35,2638,2823,28,526,299
-4,2143,2191,18,600,350
-17,2390,2373,28,600,350
5,2748,2878,3,463,267
12,2406,2593,11,586,346
19,2264,2324,15,600,350
22,2381,2552,27,600,350
-9,2100,2037,30,600,350
-8,2053,2178,11,600,350
26,2349,2390,17,583,340
-23,2400,2591,17,580,339
-16,1972,2022,6,600,350
13,2612,2625,5,484,278
17,2195,2331,8,600,350
26,1916,1881,2,600,350
5,2540,2697,16,600,350
-17,2116,2264,20,600,350
-9,1960,2039,24,600,350
6,2515,2604,12,583,347
-18,1941,1994,6,600,350
25,1924,2019,1,600,350
-14,1938,2099,4,600,350
-39,2702,2744,17,425,230
-24,2030,2030,13,600,350
-8,2397,2540,18,600,350
-32,2128,2039,5,553,318
2,2007,2145,30,600,350
7,2071,2019,24,600,350
-2,2334,2275,24,600,350
1,2377,2442,27,600,350
-15,2001,1982,3,600,350
9,2765,2955,11,490,284
-16,2423,2480,13,577,339
-17,2174,2289,4,593,350
-28,2512,2569,26,580,337
19,1943,1976,27,600,350
-34,2716,2682,14,423,230
16,1916,1822,22,600,350
-5,2229,2142,11,600,350
4,2468,2440,27,600,350
-21,2722,2784,10,449,252
24,2396,2361,19,589,344
-33,2714,2743,18,451,250
-25,1911,2016,6,600,350
-27,2217,2392,27,600,350
35,2491,2646,29,576,332
-26,2115,2280,15,600,350
25,2238,2162,21,600,350
-9,2675,2855,30,600,350
22,2560,2712,10,494,282
10,1980,2168,5,600,350
-16,2626,2689,26,594,350
17,2384,2378,29,600,350
22,2273,2442,5,550,319
21,2609,2618,10,483,275
-19,2099,2236,28,600,350
17,2436,2360,5,521,301
17,2365,2405,3,530,308
8,1988,2004,23,600,350
11,2167,2091,6,600,350
1,2554,2532,4,543,322
29,2470,2437,18,541,311
-26,2388,2460,28,600,350
13,2776,2687,9,459,261
19,2437,2624,17,584,343
-33,1946,1973,29,600,350
12,2187,2182,13,600,350
19,2677,2668,27,572,335
-36,1915,1955,15,600,350
27,2610,2540,30,579,337
-35,2300,2219,20,580,335
6,2693,2738,17,560,331
14,1985,2044,13,600,350
-1,2149,2091,16,600,350
11,2290,2443,22,600,350
-25,2681,2710,4,409,224
-28,2234,2193,5,537,309
-11,2528,2578,5,517,301
-22,2418,2604,9,530,306
-24,2036,1940,17,600,350
22,2782,2947,13,445,249
-22,2587,2616,2,437,244
17,2739,2905,13,478,273
14,2397,2474,22,600,350
21,2726,2878,21,514,295
-18,2626,2581,27,592,348
-32,2376,2358,23,587,340
-29,2493,2491,19,540,310
-40,2122,2170,3,511,287
17,2271,2326,10,600,350
-40,2301,2390,2,451,247
-7,2342,2504,13,600,350
7,2389,2368,19,600,350
-40,2514,2665,26,531,301
-25,2172,2168,17,600,350
20,2425,2584,21,600,350
23,2058,2217,14,600,350
22,2051,2053,12,600,350
28,2519,2458,21,548,316
-19,2087,2259,12,600,350
26,2712,2712,11,438,243
35,1997,2117,7,592,343
-15,2030,2053,4,600,350
-25,2704,2834,19,492,280
10,2070,2147,1,600,350
16,2082,2044,28,600,350
-12,2263,2278,24,600,350
37,1938,2028,29,600,350
28,2426,2387,3,468,262
6,2787,2942,13,507,296
21,2396,2302,15,577,337
28,2415,2469,2,465,261
35,2248,2239,11,541,309
-25,2296,2209,4,525,301
7,2621,2749,19,589,350
-2,2060,2045,29,600,350
-8,1915,1947,17,600,350
-18,2392,2474,3,518,299
-31,2325,2286,28,600,350
28,2007,2125,18,600,350
-7,2793,2938,8,472,272
11,2349,2478,22,600,350
-31,2210,2188,25,600,350
-22,2638,2686,24,554,322
17,2069,2106,26,600,350
-40,2445,2409,19,510,287
28,2313,2225,5,514,293
-37,2150,2262,7,539,307
-25,2658,2799,21,518,297
-17,2680,2792,8,466,265
39,2040,2120,28,600,350
-39,2173,2245,5,512,288
-9,2315,2374,17,600,350
-17,2507,2570,5,499,287
-29,2638,2725,4,406,221
9,2790,2880,22,549,323
-6,1938,2093,19,600,350
-8,2713,2795,27,600,350
-8,1928,1944,21,600,350
20,2376,2557,2,509,292
10,2217,2312,11,600,350
2,2144,2077,22,600,350
-29,2647,2598,13,457,255
26,2596,2607,15,497,282
24,2171,2322,12,600,350
-8,2339,2320,22,600,350
-1,2647,2778,21,600,350
33,2138,2264,22,600,350
2,2276,2408,11,600,350
3,2165,2285,7,600,350
-12,2258,2199,28,600,350
-28,2239,2159,5,536,308
-29,2288,2229,17,589,343
5,2476,2488,24,600,350
-39,2588,2592,20,477,265
-6,1902,1993,9,600,350
40,2328,2244,14,515,290
-33,2041,2060,26,600,350
-15,2275,2303,12,600,350
33,2569,2598,6,423,231
-7,2223,2182,17,600,350
-34,2045,1992,19,600,350
27,2192,2120,19,600,350
17,2564,2560,26,600,350
34,2331,2240,16,550,315
-12,2604,2745,12,532,311
-5,2484,2615,12,596,350
-20,2298,2474,20,600,350
-5,2716,2899,6,491,285
-31,2788,2890,23,467,261
32,2243,2389,26,600,350
-17,2039,2228,4,600,350
23,2086,2249,6,600,350
8,2704,2817,11,512,299
-5,1960,2059,1,600,350
-17,2279,2257,30,600,350
-18,2609,2681,24,579,340
21,2706,2674,23,532,307
-4,2339,2325,15,600,350
-29,2218,2218,27,600,350
14,2201,2108,11,600,350
-28,2243,2342,25,600,350
-18,1910,1896,19,600,350
-11,1961,1903,18,600,350
-24,2744,2752,17,472,267
21,2125,2176,19,600,350
-28,2052,1968,21,600,350
18,2610,2642,14,519,300
-22,2463,2510,27,600,350
8,2671,2847,18,564,333
-29,2470,2601,28,600,350
20,2483,2610,19,579,339
-22,2559,2597,15,524,302
35,2760,2870,15,412,223
-32,2474,2401,4,443,245
30,2209,2159,7,549,316
-13,2784,2944,13,480,276
37,2142,2302,3,517,292
11,2392,2299,16,600,350
-25,2265,2302,9,564,328
28,2229,2166,8,557,322
-29,2006,2016,20,600,350
-16,2125,2244,13,600,350
11,2724,2846,17,530,310
12,2117,2152,17,600,350
-18,2652,2807,17,524,303
-25,2405,2353,1,474,268
16,2158,2349,8,600,350
-2,2787,2764,19,559,332
12,2673,2677,6,476,273
1,2416,2484,3,579,345
17,2672,2788,27,582,342
-2,1953,1971,5,600,350
-27,1946,2035,13,600,350
-36,2626,2780,15,448,246
-6,2588,2753,14,573,340
34,2420,2468,29,600,350
-23,1998,2061,23,600,350
35,1919,1958,16,600,350
-32,2789,2946,18,433,238
33,2652,2820,22,494,278
17,2472,2552,29,600,350
-24,2790,2849,22,489,278
-34,2389,2576,11,503,284
5,2318,2505,3,592,350
-28,2589,2714,22,533,306
-1,2749,2659,10,521,307
1,1961,1870,10,600,350
-32,2044,2214,30,600,350
9,2115,2287,21,600,350
-14,1902,1984,16,600,350
25,2059,2111,12,600,350
-36,2638,2661,2,366,192
-12,2680,2693,9,492,284
-4,2019,2196,24,600,350
-3,2792,2904,3,458,264
-33,1988,2059,24,600,350
24,2228,2415,30,600,350
-24,2479,2552,25,600,350
30,2256,2268,30,600,350
4,2509,2530,15,600,350
-37,2166,2097,3,510,287
-5,2516,2637,19,600,350
29,2222,2240,18,600,350
-10,2534,2472,8,537,315
-22,2440,2607,26,600,350
20,2548,2680,17,547,318
13,2094,2011,8,600,350
-2,2637,2685,7,532,314
33,2231,2279,30,600,350
-22,2069,2094,7,600,350
-2,2420,2557,3,574,342
26,2362,2396,1,483,273
4,1939,1989,4,600,350
-28,2436,2571,25,597,348
17,2160,2283,5,600,350
-21,2294,2396,1,523,302
31,2125,2280,15,600,350
20,2023,2008,5,600,350
-2,1937,1986,13,600,350
-40,2227,2361,8,509,286
-38,2150,2071,8,541,308
36,2800,2984,5,336,172
21,2075,2243,28,600,350
22,2501,2658,9,505,289
-16,2353,2281,1,526,305
15,1936,2048,4,600,350
-8,2215,2397,3,600,350
-3,2587,2536,2,513,301
-35,2695,2689,8,389,208
17,2492,2479,23,600,350
3,2013,1956,9,600,350
4,1939,2116,2,600,350
-9,2200,2270,14,600,350
4,2123,2211,14,600,350
20,2217,2300,4,568,332
6,2248,2150,30,600,350
-20,2014,2104,6,600,350
39,2597,2614,11,420,227
34,2222,2140,3,505,285
-5,2467,2389,8,577,343
-22,1939,1868,3,600,350
-21,2765,2959,14,460,260
16,1939,1946,28,600,350
-23,2758,2938,13,448,251
6,2648,2675,13,549,324
8,2188,2316,2,600,350
-27,2161,2171,13,600,350
-26,2115,2150,29,600,350
-10,2046,2131,19,600,350
-40,2235,2278,27,600,350
13,2067,2038,6,600,350
-38,1991,2019,16,600,350
-25,2252,2412,2,526,302
16,2470,2372,8,533,310
34,2470,2473,17,515,292
-29,2715,2838,23,497,282
33,2580,2489,2,396,213
-25,2680,2810,10,446,249
31,2262,2380,28,600,350
35,2456,2421,16,509,287
-17,2244,2255,6,584,344
-13,2592,2504,28,600,350
-33,2069,2054,2,549,315
-5,2255,2388,2,600,350
-33,2090,2079,26,600,350
17,2566,2519,13,530,307
19,2321,2232,24,600,350
9,2599,2707,15,564,333
-13,1906,1819,28,600,350
0,2032,2052,2,600,350
23,2646,2565,7,446,249
-14,2456,2430,3,515,298
22,2725,2867,8,432,241
-24,2660,2782,23,534,308
32,1930,1899,14,600,350
-8,2434,2544,24,600,350
36,2325,2325,30,600,350
-12,2293,2378,23,600,350
-28,2571,2602,27,568,329
5,2262,2272,22,600,350
-6,2336,2367,29,600,350
-35,2569,2488,7,421,229
28,2450,2373,21,569,330
6,1981,2107,7,600,350
-16,2255,2308,1,555,325
25,2157,2349,17,600,350
-31,2617,2746,9,434,239
15,2488,2589,30,600,350
-11,2423,2360,21,600,350
-36,2194,2353,13,565,325
-8,2123,2210,21,600,350
24,2424,2380,19,580,339
-23,1945,1864,21,600,350
8,2566,2738,19,600,350
-30,2012,2030,25,600,350
-15,2132,2102,25,600,350
22,1916,1819,22,600,350
18,2259,2379,17,600,350
-14,2122,2035,23,600,350
8,2765,2667,23,566,335
36,2599,2714,30,546,312
-8,2347,2475,10,600,350
-40,2755,2840,10,363,189
-20,2264,2218,4,554,323
14,2574,2727,8,509,295
-35,2225,2148,22,600,350
40,2366,2427,20,540,306
28,2313,2370,20,600,350
-36,2354,2335,18,547,313
-38,2485,2543,14,476,265
12,2132,2219,18,600,350
-18,2123,2082,28,600,350
12,2730,2840,14,507,294
-4,2311,2362,20,600,350
33,2471,2479,21,542,310
33,2234,2209,24,600,350
-24,2121,2050,15,600,350
37,1936,1952,22,600,350
32,2177,2268,30,600,350
-40,2095,2013,4,525,297
10,2763,2835,13,499,289
4,2383,2510,27,600,350
36,2141,2223,23,600,350
-37,2223,2235,8,523,296
21,2630,2712,18,525,303
24,2091,2136,12,600,350
-9,1916,1931,23,600,350
-7,2423,2435,14,600,350
31,2300,2450,2,488,275
-2,2785,2935,18,554,329
-15,2604,2621,24,592,350
-7,1921,2121,2,600,350
13,2373,2433,11,592,350
-38,2019,2116,9,586,338
9,2109,2268,12,600,350
-29,2205,2252,17,600,350
24,2169,2308,15,600,350
13,2603,2549,25,600,350
-36,2586,2683,17,472,262
16,2184,2130,26,600,350
-24,2615,2592,29,583,341
6,2575,2598,26,600,350
-18,2662,2636,18,527,305
38,2126,2162,22,600,350
-27,2280,2269,6,534,307
25,2359,2319,17,584,341
34,1906,1943,23,600,350
10,1928,1877,24,600,350
-3,1932,2090,18,600,350
23,2545,2551,8,482,274
-3,2778,2790,9,498,291
9,1978,2131,6,600,350
-11,2358,2375,5,568,335
38,2469,2566,12,469,260
10,2437,2387,25,600,350
22,2381,2525,29,600,350
11,2329,2263,28,600,350
-3,2637,2605,11,552,327
38,2184,2132,25,600,350
-11,2415,2388,1,527,308
10,1998,2089,11,600,350
40,2296,2456,19,555,316
-36,2388,2357,9,483,270
-12,1938,1927,27,600,350
-37,2170,2329,2,503,283
-31,2786,2811,12,402,217
15,2696,2826,4,445,251
-24,2056,2250,4,600,350
33,1974,2002,18,600,350
-24,2783,2962,15,449,251
28,2699,2698,19,482,272
-7,2029,2225,13,600,350
-35,2586,2667,19,488,273
12,1983,2056,17,600,350
25,1921,2008,6,600,350
36,2358,2314,16,534,304
2,2438,2368,24,600,350
34,2606,2589,12,444,244
-18,2748,2799,19,507,292
14,2281,2216,5,579,341
39,2647,2759,17,441,241
34,2339,2344,26,600,350
-25,2503,2622,23,577,336
-33,1920,1982,26,600,350
-37,2202,2321,29,600,350
-37,2768,2937,1,317,159
15,1983,2002,28,600,350
-16,2673,2754,27,586,345
26,2558,2563,25,568,330
26,2352,2468,24,600,350
-14,2286,2390,23,600,350
-9,2406,2375,10,592,350
9,2156,2099,15,600,350
20,2469,2669,23,600,350
10,2791,2918,21,538,315
-22,2426,2509,21,600,350
-20,2061,2067,11,600,350
-36,2062,2045,13,600,350
1,2731,2880,5,496,290
20,2692,2612,1,408,225
-19,2691,2786,24,550,320
-20,2423,2500,12,555,323
29,2685,2591,11,434,240
-40,2170,2139,17,581,334
-36,2391,2417,4,452,249
-29,2107,2166,15,600,350
5,2438,2585,25,600,350
-7,2483,2585,30,600,350
8,1959,2006,9,600,350
37,2329,2371,21,569,327
4,2556,2654,20,600,350
-14,2504,2557,19,596,350
32,2208,2249,19,600,350
-15,2419,2483,12,576,339
6,2490,2410,5,549,324
15,1926,1907,10,600,350
22,2585,2553,17,528,305
7,2461,2491,5,553,326
20,2098,2084,22,600,350
40,2286,2403,16,540,306
-15,2248,2308,7,597,350
-5,2592,2669,28,600,350
-40,2435,2451,9,453,249
-33,2727,2822,3,357,187
11,2277,2262,15,600,350
38,2798,2986,16,394,210
6,2457,2437,18,600,350
15,2426,2477,14,586,345
-27,2052,2012,3,584,340
-13,2633,2593,12,520,302
37,2105,2032,9,564,324
-39,2354,2296,28,595,344
-15,2172,2240,7,600,350
-27,2793,2778,9,398,216
18,2135,2211,13,600,350
15,2751,2667,18,512,296
-34,2639,2636,5,392,210
-38,2420,2517,13,490,274
-18,2577,2574,4,468,266
-23,2730,2694,2,391,213
-3,2625,2529,16,586,350
-26,2400,2301,9,520,298
23,2016,1937,9,600,350
-13,2285,2296,6,588,348
33,2243,2199,11,551,316
-2,2483,2448,22,600,350
16,2294,2291,24,600,350
-24,1963,2006,22,600,350
3,2616,2640,1,499,291
-16,2620,2686,4,464,264
-24,1971,1956,13,600,350
-28,2688,2663,23,509,290
-16,2173,2366,13,600,350
27,2219,2177,13,594,347
-31,2237,2274,2,506,287
26,2265,2263,9,560,325
-23,2394,2485,24,600,350
-7,2506,2648,8,558,329
-33,2065,2013,7,580,336
-1,2443,2374,4,577,344
1,1910,2086,18,600,350
0,2200,2119,3,600,350
-35,2628,2681,28,529,301
11,2700,2667,6,472,271
-15,2001,2114,12,600,350
23,2324,2366,12,572,334
18,2291,2422,21,600,350
15,2678,2790,28,594,350
18,2113,2091,8,600,350
29,2590,2703,22,529,303
-8,1987,2002,22,600,350
12,2452,2443,1,512,297
-19,2300,2469,4,548,319
-20,2487,2554,21,589,346
29,2788,2745,28,505,287
29,1945,2128,11,600,350
-37,2571,2496,3,388,206
34,2362,2327,13,523,297
21,2491,2638,25,600,350
21,2209,2362,17,600,350
-17,1985,1928,22,600,350
14,1991,1987,22,600,350
-32,2559,2500,10,454,252
-38,2572,2698,21,492,275
-10,2613,2774,12,538,315
-1,2141,2207,15,600,350
-5,2764,2942,21,566,336
-17,1901,1889,10,600,350
-35,2124,2201,14,596,346
25,2700,2796,13,458,257
34,2644,2810,5,390,209
-37,2488,2655,6,431,235
38,2015,1988,24,600,350
-35,2565,2472,2,392,210
10,2002,2198,22,600,350
21,2093,2156,17,600,350
16,2065,2049,4,600,350
25,2770,2741,14,443,247
38,1989,1943,10,600,348
34,2585,2531,3,396,213
-33,2021,2158,25,600,350
-15,2042,2045,3,600,350
10,2005,2114,15,600,350
4,2786,2727,6,474,274
3,2327,2494,17,600,350
-36,2204,2366,12,556,319
29,2771,2929,22,474,266
-15,2216,2398,20,600,350
27,2534,2547,24,565,328
-22,1908,1847,29,600,350
-21,2673,2792,11,470,266
-29,1972,2000,25,600,350
6,2258,2165,4,600,350
-40,2122,2122,26,600,350
-27,2315,2390,28,600,350
23,2452,2458,26,600,350
-3,2269,2269,6,600,350
-4,2615,2774,1,495,289
-30,2163,2308,20,600,350
36,2739,2913,23,462,256
-38,2589,2520,28,529,300
-8,2759,2795,16,526,308
-35,2217,2128,15,574,331
9,1983,1898,17,600,350
-31,2217,2245,8,548,315
-36,2010,1972,28,600,350
-18,2150,2158,26,600,350
-31,2282,2202,12,553,318
3,1906,1963,27,600,350
-39,2358,2526,22,558,319
-28,1983,2044,21,600,350
-1,2107,2266,10,600,350
-39,2799,2800,27,456,251
24,2289,2411,15,597,350
22,2213,2171,30,600,350
32,1921,2067,9,600,350
-24,2309,2336,2,513,294
-32,2794,2976,5,353,185
34,2414,2338,6,465,259
-26,2026,2056,7,600,350
-17,2708,2803,21,535,311
-3,2599,2779,25,600,350
-6,2773,2826,1,440,251
8,1913,1945,23,600,350
28,1911,2037,26,600,350
21,1986,2074,7,600,350
19,2423,2587,20,600,350
9,2436,2469,25,600,350
37,2200,2310,30,600,350
34,2142,2101,12,583,337
-32,2021,2133,16,600,350
-7,2046,2161,16,600,350
35,2466,2591,11,476,265
-6,2649,2679,21,597,350
-40,2255,2230,4,477,265
-1,2584,2769,13,588,350
23,2632,2808,7,450,252
-19,2530,2585,4,479,273
19,2208,2355,15,600,350
23,2594,2711,19,533,308
31,2187,2276,9,563,325
-30,2206,2268,11,574,332
-27,2711,2790,8,416,228
19,2493,2426,1,472,268
-11,2622,2562,23,597,350
-6,2561,2535,25,600,350
-4,2448,2626,24,600,350
-36,2251,2326,8,518,293
37,2211,2260,13,556,318
-15,2772,2944,22,530,308
21,1958,1965,27,600,350
-37,2542,2580,4,403,216
1,2613,2783,8,550,326
-23,2654,2842,3,419,232
-1,1934,2045,29,600,350
31,2344,2515,9,516,294
-2,1992,1957,29,600,350
-27,2106,2253,2,562,325
-9,2252,2307,2,590,350
10,2231,2177,28,600,350
-3,2716,2816,13,541,319
-18,2761,2808,15,479,273
22,2624,2647,28,582,341
-26,2058,1958,23,600,350
-16,1923,2069,12,600,350
-24,2303,2330,26,600,350
25,2704,2794,4,402,220
37,2415,2381,26,573,330
12,2631,2534,8,500,289
10,2263,2456,9,600,350
-2,2281,2323,23,600,350
10,2431,2521,5,550,323
29,2051,1971,24,600,350
-35,2461,2587,20,531,302
26,2588,2604,18,517,296
-34,2507,2548,11,467,260
10,2516,2454,15,585,346
31,2319,2470,28,600,350
1,2149,2255,22,600,350
23,2016,2125,9,600,350
-26,2765,2779,17,458,257
-12,2411,2535,27,600,350
-8,2639,2672,26,600,350
-14,2477,2627,12,562,330
-5,2234,2352,7,600,350
-12,2317,2307,10,600,350
-3,2673,2618,25,600,350
16,2194,2131,26,600,350
-14,2654,2695,25,587,347
14,2270,2269,10,600,350
-8,2085,2174,27,600,350
27,2145,2079,13,600,350
25,2536,2582,19,543,313
-31,2167,2096,11,581,337
-36,2542,2525,13,461,255
33,2136,2316,21,600,350
-3,2429,2598,8,597,350
-28,2451,2504,8,490,277
-10,1920,1921,4,600,350
6,2636,2750,15,565,334
11,2766,2815,28,584,345
15,2693,2675,11,488,280
-26,2419,2428,11,526,302
-12,1999,2173,1,600,350
-33,2651,2751,17,464,258
-36,2377,2560,15,522,296
-12,2498,2570,20,600,350
6,2197,2302,6,600,350
27,2425,2387,24,598,350
35,2233,2205,22,600,350
4,1901,2051,28,600,350
-39,2274,2297,25,600,348
-14,2192,2212,15,600,350
-5,2736,2910,9,503,293
-5,2452,2471,14,600,350
-15,2217,2280,18,600,350
2,2401,2586,26,600,350
-14,2727,2891,17,517,300
28,2280,2340,18,600,350
-21,2522,2510,5,479,272
-30,1913,1954,20,600,350
33,2403,2505,20,557,320
-3,2130,2256,9,600,350
-35,1983,2104,11,600,350
31,2029,1969,24,600,350
-18,2642,2737,22,557,325
6,2737,2704,1,450,258
5,2044,2207,18,600,350
-29,2790,2691,6,373,199
-28,2756,2780,27,513,292
21,1927,1936,2,600,350
19,1965,1950,15,600,350
2,2062,2081,29,600,350
35,2128,2154,26,600,350
27,2160,2314,21,600,350
-36,2348,2430,14,525,298
-4,2323,2238,5,600,350
31,2359,2320,6,494,279
-10,2575,2632,6,513,299
-32,2200,2367,30,600,350
10,2202,2136,22,600,350
